First_Prov_Listing_(inc_QC),NOC_to_CADTH_Submission,CADTH_Duration,CADTH_to_pCPA_Initiation,pCPA_LOI_to_LOE,pCPA_Completion_to_1st_Listing_(incl_QC),First_Provincial_Listing_to_50%_Listing_(incl_QC)
2018,69.48148148148148,223.88888888888889,140.44444444444446,243.92,-22.04,172.0952380952381
2019,-14.586206896551724,206.75,124.14285714285714,181.17241379310346,51.310344827586206,131.0
2020,-60.5,244.3,74.7,165.8181818181818,99.18181818181819,75.6
2021,115.94736842105263,283.05263157894734,127.21052631578948,262.94736842105266,38.1578947368421,74.05882352941177
2022,108.89473684210526,246.1578947368421,172.47368421052633,188.73684210526315,19.0,90.33333333333333
